{
	"alerts": {
		"notifications": [{
			"title": "New Order",
			"description": "John Max has ordered Laptop",
			"date": "1 hour ago",
			"priority": "High",
			"icon": "sap-icon://clinical-order"
		}, {
			"title": "Canceled Order",
			"description": "Sara Rok has canceled her order",
			"date": "5 hour ago",
			"priority": "Medium",
			"icon": "sap-icon://sys-cancel-2"
		}, {
			"title": "Delivery",
			"description": "Order 112 has delivered to nancy klaus",
			"date": "2 day ago",
			"priority": "Low",
			"icon": "sap-icon://message-success"
		}, {
			"title": "Delivery123",
			"description": "Order 112 has delivered to nancy klaus",
			"date": "2 day ago",
			"priority": "Low",
			"icon": "sap-icon://message-success"
		}],
		"errors": [{
			"title": "Password Error",
			"subTitle": "invalid password",
			"description": "User S700 exceeded number of tries to enter password",
			"counter": 1
		}]
	}
}