<core:FragmentDefinition xmlns:core='sap.ui.core' xmlns="sap.m" xmlns:l="sap.ui.layout">
	<Dialog title="{i18n>title_login}" afterClose="dialogAfterclose">
		<content>
			<VBox height="100%" justifyContent="Center">
				<MessageStrip type="Error" text="{i18n>msg_wrong_user_pass}" visible="{= ${loginResult>/failed} ? true : false}"/>
				<HBox width="100%" justifyContent="Center" alignItems="Center" direction="Column">
					<items>
						<sap.ui.layout.form:SimpleForm xmlns:sap.ui.layout.form="sap.ui.layout.form" editable="true" layout="ResponsiveGridLayout">
							<Label design="Bold" text="Email"/>
							<Input value="{loginResult>/username}" width="100%" id="userName" change="validateEmail" placeholder="{i18n>username}"/>
							<Label design="Bold" text="Password"/>
							<Input value="{loginResult>/password}" maxLength="20" type="Password" width="100%" id="passwordUser" placeholder="{i18n>password}"/>
							<Button busy="{= ${loginResult>/isLogging} ? true : false}"
							text="{= ${loginResult>/isLogging} ? ${i18n>btn_login_logging} : ${i18n>btn_login}}" press="checkLogin"/>
						</sap.ui.layout.form:SimpleForm>
					</items>
				</HBox>
			</VBox>
		</content>
		<endButton>
			<Button text="Close" visible="{=!${loginResult>/isLogging}}" press="onDialogClose"/>
		</endButton>
	</Dialog>
</core:FragmentDefinition>