<core:FragmentDefinition xmlns:core='sap.ui.core' xmlns="sap.m" xmlns:l="sap.ui.layout">
	<Dialog title="{i18n>title_register}" afterClose="dialogAfterclose">
		<content>
			<VBox height="100%" justifyContent="Center">
				<MessageStrip type="Error" text="{i18n>msg_register_wrong}" visible="{= ${registerResult>/failed} ? true : false}"/>
				<HBox width="100%" justifyContent="Center" alignItems="Center" direction="Column">
					<items>
						<sap.ui.layout.form:SimpleForm xmlns:sap.ui.layout.form="sap.ui.layout.form" editable="true" layout="ResponsiveGridLayout">
							<Label design="Bold" text="Email"/>
							<Input width="100%" 
								id="emailRegister" 
								type="Email" placeholder="Enter Email..." change="validateEmail"/>
							<Label design="Bold" text="Password"/>
							<Input maxLength="10" type="Password" width="100%" id="passwordRegister" placeholder="Enter Password" />
							<Label design="Bold" text="rePassword"/>
							<Input maxLength="10" type="Password" width="100%" id="rePasswordRegister" placeholder="Enter Password" />
							<Button text="Đăng Ký" press="checkInputRegister"/>
						</sap.ui.layout.form:SimpleForm>
					</items>
				</HBox>
			</VBox>
		</content>
		<endButton>
			<Button text="Close" visible="{=!${loginResult>/isLogging}}" press="onDialogRegisterClose"/>
		</endButton>
	</Dialog>
</core:FragmentDefinition>