{
  "webapp/controller/RegisterShop.controller.js": "1554813032866",
  "package.json": "1552471074073",
  "ui5.yaml": "1552471074089",
  "webapp/Component.js": "1554293836780",
  "webapp/controller/Activate.controller.js": "1554354888838",
  "webapp/controller/App.controller.js": "1554354888834",
  "webapp/controller/BaseController.js": "1554712021402",
  "webapp/controller/FindShop.controller.js": "1554354888831",
  "webapp/controller/FindShopByMap.controller.js": "1554817137294",
  "webapp/controller/Home.controller.js": "1554355269797",
  "webapp/controller/ItemDetail.controller.js": "1554451759307",
  "webapp/controller/NearByLocation.controller.js": "1554818459112",
  "webapp/controller/SearchShop.controller.js": "1554354888782",
  "webapp/controller/SellItem.controller.js": "1554456712734",
  "webapp/controller/ShopDetail.controller.js": "1554457314398",
  "webapp/controller/UserDetail.controller.js": "1554707786819",
  "webapp/css/style.css": "1554810651131",
  "webapp/fragment/ListFieldSelect.fragment.xml": "1552471074288",
  "webapp/fragment/Login.fragment.xml": "1553855424039",
  "webapp/fragment/Register.fragment.xml": "1554463544151",
  "webapp/i18n/i18n.properties": "1554803838340",
  "webapp/images/2555872b-fotolia_95381323_subscription.jpg": "1552471074325",
  "webapp/images/home-about_image.png": "1552664835842",
  "webapp/images/school-of-business_0.jpg": "1552665607271",
  "webapp/index.html": "1554287574430",
  "webapp/localService/metadata.xml": "1552471074345",
  "webapp/manifest.json": "1554441697037",
  "webapp/model/account.json": "1552471074377",
  "webapp/model/alerts.json": "1552471074383",
  "webapp/model/category.json": "1552621118260",
  "webapp/model/dataDistrisct.json": "1554266476631",
  "webapp/model/dataLocation.json": "1554265040021",
  "webapp/model/formatter.js": "1553055276470",
  "webapp/model/location.json": "1553013221760",
  "webapp/model/models.js": "1554812359821",
  "webapp/model/notifications.json": "1553055547290",
  "webapp/model/shop.json": "1552471074430",
  "webapp/model/shopDetail.json": "1553175502613",
  "webapp/model/userDetail.json": "1552885056691",
  "webapp/test/integration/AllJourneys.js": "1552471074446",
  "webapp/test/integration/arrangements/Startup.js": "1552471074458",
  "webapp/test/integration/NavigationJourney.js": "1552471074466",
  "webapp/test/integration/opaTests.qunit.html": "1552471074475",
  "webapp/test/integration/opaTests.qunit.js": "1552471074482",
  "webapp/test/integration/pages/App.js": "1552471074493",
  "webapp/test/testsuite.qunit.html": "1552471074499",
  "webapp/test/testsuite.qunit.js": "1552471074510",
  "webapp/test/unit/AllTests.js": "1552471074519",
  "webapp/test/unit/controller/App.js": "1552471074529",
  "webapp/test/unit/model/formatter.js": "1552471074538",
  "webapp/test/unit/unitTests.qunit.html": "1552471074544",
  "webapp/test/unit/unitTests.qunit.js": "1552471074552",
  "webapp/test.html": "1552471074560",
  "webapp/view/Activate.view.xml": "1554467316419",
  "webapp/view/App.view.xml": "1554467609252",
  "webapp/view/FindShop.view.xml": "1554467391520",
  "webapp/view/FindShopByMap.view.xml": "1554200861344",
  "webapp/view/Home.view.xml": "1554810571977",
  "webapp/view/ItemDetail.view.xml": "1554803876819",
  "webapp/view/NearByLocation.view.xml": "1553058403961",
  "webapp/view/RegisterShop.view.xml": "1553058409467",
  "webapp/view/SearchShop.view.xml": "1554804835031",
  "webapp/view/SellItem.view.xml": "1554802371327",
  "webapp/view/ShopDetail.view.xml": "1554370372243",
  "webapp/view/UserDetail.view.xml": "1554457222389",
  "webapp/model/dataDisRegister.json": "1554812329121"
}